document_id,clean_text,sentiment
1,Christopher Nolan's 'Oppenheimer' is a brilliant exploration of the man behind the atomic bomb. Cillian Murphy's performance is hauntingly powerful.,positive
2,"The film is a visual masterpiece, with stunning cinematography that captures the era beautifully. A must-see for history buffs!",positive
3,"While the film is well-made, its pacing feels slow at times. It demands patience from its audience.",neutral
4,"An emotional rollercoaster that dives deep into Oppenheimer's psyche. The supporting cast also shines, particularly Robert Downey Jr.",positive
5,"I appreciated the historical accuracy, but I felt some scenes dragged on unnecessarily. Still, a solid film overall.",neutral
6,Nolan has crafted a thought-provoking narrative that challenges viewers to consider the moral implications of scientific discovery.,positive
7,"The dialogue-heavy script may not appeal to everyone, but it effectively conveys the complexities of Oppenheimer's character.",neutral
8,"The black-and-white scenes add a unique touch to the storytelling, contrasting sharply with the vibrant color sequences.",positive
9,"Overall, 'Oppenheimer' is an ambitious project that largely succeeds, though it may not be for casual moviegoers.",neutral
10,Cillian Murphy delivers an Oscar-worthy performance. His portrayal of Oppenheimer is both nuanced and compelling.,positive
11,"The film's length is daunting, but it rewards those who invest their time in its intricate narrative.",neutral
12,Nolan's direction is masterful; he balances historical events with personal drama seamlessly.,positive
13,I found the lack of action surprising for a film about such a pivotal moment in history. It relies heavily on dialogue.,neutral
14,"The score by Ludwig Göransson enhances the tension throughout the film, making every scene feel impactful.",positive
15,"While I enjoyed the film, I wish there had been more focus on the consequences of the atomic bombings themselves.",neutral
16,A fascinating look at a complex figure in history. The performances are top-notch across the board.,positive
17,"The editing is impressive, especially how it weaves between different timelines without losing clarity.",positive
18,I felt disconnected from some characters due to limited development. More background would have enriched the story.,neutral
19,The film raises important questions about ethics in science that resonate today. A conversation starter for sure!,positive
20,"While visually stunning, I found myself losing interest during some of the slower dialogue-heavy scenes.",neutral
21,An epic biopic that does justice to Oppenheimer's legacy while exploring his inner conflicts.,positive
22,The cinematography is breathtaking; every frame feels like a work of art. Nolan truly knows how to create visual impact.,positive
23,I expected more action given the subject matter. The focus on dialogue was unexpected but ultimately rewarding.,neutral
24,"Murphy's performance is complemented by strong supporting roles from Blunt and Downey Jr., making for a powerful ensemble cast.",positive
25,The film's exploration of guilt and responsibility in scientific advancement is incredibly timely and relevant.,positive
26,I enjoyed the historical context but felt some parts were overly dramatized for effect. Still engaging overall.,neutral
27,A haunting portrayal of genius and its consequences. Nolan has created something special here.,positive
28,"While I appreciated the ambition, I think some viewers might find it too long and dense to fully engage with.",neutral
29,The practical effects used in depicting atomic reactions are impressive and add authenticity to the film.,positive
30,An ambitious project that tackles heavy themes with grace and depth. A significant achievement in filmmaking!,positive
31,I found myself wishing for more scenes depicting the aftermath of Hiroshima and Nagasaki to fully grasp Oppenheimer's impact.,neutral
32,Nolan's storytelling prowess shines through in this complex narrative filled with moral ambiguity and historical significance.,positive
33,"Despite its length, 'Oppenheimer' kept me engaged throughout with its rich character development and intricate plotlines.",positive
34,The film does an excellent job of portraying Oppenheimer as both a hero and a flawed individual grappling with his choices.,positive
35,"Some may find it too slow-paced for their liking; however, I found it deeply rewarding upon reflection after watching it.",neutral
36,A powerful exploration of scientific ethics wrapped in a compelling biographical narrative. Highly recommended!,positive
37,"While I enjoyed many aspects of 'Oppenheimer,' I felt some character arcs could have been better fleshed out for clarity.",neutral
38,The performances are stellar across the board; this cast truly brings Oppenheimer's world to life in vivid detail!,positive
39,A thought-provoking film that challenges viewers to consider their own perspectives on science and morality.,positive
40,"While visually stunning, I believe it could have benefited from tighter editing to maintain momentum throughout its runtime.",neutral
41,Nolan has created a film that not only entertains but also educates about a pivotal moment in history. Bravo!,positive
42,I appreciated the thematic depth but found some scenes overly long without adding much to character development or plot progression.,neutral
43,Cillian Murphy's portrayal is hauntingly beautiful; he captures Oppenheimer's internal conflict perfectly!,positive
44,An ambitious biopic that tackles heavy themes with nuance and complexity. A significant achievement in modern cinema!,positive
45,"The pacing may be slow for some, but I found it immersive as it builds tension leading up to critical moments in history.",neutral
46,A gripping narrative filled with moral dilemmas and rich character studies that resonate well beyond its runtime!,positive
47,"Though not perfect, 'Oppenheimer' offers an insightful look at one man's role in shaping global history through science.",neutral 
48,Visually arresting and thematically rich; Nolan’s direction elevates this biopic into something extraordinary!,positive 
49,"While it lacks traditional action sequences, 'Oppenheimer' compensates with deep philosophical questions about power and responsibility.",neutral 
50,A remarkable achievement in filmmaking that invites reflection on humanity’s choices during wartime. Highly recommend!,positive 
